matrix_id,recon_type,pattern_type,parameter_value,samp_rat,arr_size,seed,M,N_pixels,mean,var,std,contrast,entropy,autocorrelation width,effective_rank,cond_number,mutual coherence,nmse,psnr,ssim,runtime
CGI_binary_30_size32_samprat30_seed47,CGI,Binary,30,30,32,47,307,1024,0.3013506463762215,0.210538434304855,0.45884467339706037,1.5226271418800699,0.8822808847427905,2.0,278,25.07700866781129,0.5131512494000137,5.003759916292368,7.354694966499493,0.17515298362462425,0.0004704999955720268
DGI_binary_30_size32_samprat30_seed47,DGI,Binary,30,30,32,47,307,1024,0.3013506463762215,0.210538434304855,0.45884467339706037,1.5226271418800699,0.8822808847427905,2.0,278,25.07700866781129,0.5131512494000137,3.184442627941379,9.317325315476934,0.24261539667571075,0.0006712999966111965
Ridge_binary_30_size32_samprat30_seed47,Ridge,Binary,30,30,32,47,307,1024,0.3013506463762215,0.210538434304855,0.45884467339706037,1.5226271418800699,0.8822808847427905,2.0,278,25.07700866781129,0.5131512494000137,2.4321403853130112,10.48777321245794,0.28792367191606927,0.00073079999856418
CGI_binary_60_size32_samprat30_seed47,CGI,Binary,60,30,32,47,307,1024,0.601559319014658,0.23968570472127881,0.48957706719297917,0.8138467009273211,0.9693630286397866,2.0,255,46.91080833334901,0.7347953623185262,3.799090583728823,8.550863116434526,0.18857322546718228,0.0008903999987524003
DGI_binary_60_size32_samprat30_seed47,DGI,Binary,60,30,32,47,307,1024,0.601559319014658,0.23968570472127881,0.48957706719297917,0.8138467009273211,0.9693630286397866,2.0,255,46.91080833334901,0.7347953623185262,3.9855824361388987,8.342741641086427,0.20970608617308673,0.0006312999976216815
Ridge_binary_60_size32_samprat30_seed47,Ridge,Binary,60,30,32,47,307,1024,0.601559319014658,0.23968570472127881,0.48957706719297917,0.8138467009273211,0.9693630286397866,2.0,255,46.91080833334901,0.7347953623185262,2.9783453222105165,9.607909101229053,0.26321838385026286,0.0006854000021121465
CGI_binary_90_size32_samprat30_seed47,CGI,Binary,90,30,32,47,307,1024,0.9001488701140065,0.08988088174648394,0.2998014038434175,0.3330575794702867,0.4678046232268905,2.0,189,116.21706507675563,0.9499490652535467,3.3750740404221635,9.064826558622682,0.15239767915874333,0.0005498000027728267
DGI_binary_90_size32_samprat30_seed47,DGI,Binary,90,30,32,47,307,1024,0.9001488701140065,0.08988088174648394,0.2998014038434175,0.3330575794702867,0.4678046232268905,2.0,189,116.21706507675563,0.9499490652535467,3.05479898512167,9.497833227875423,0.2232591330310193,0.0011761999994632788
Ridge_binary_90_size32_samprat30_seed47,Ridge,Binary,90,30,32,47,307,1024,0.9001488701140065,0.08988088174648394,0.2998014038434175,0.3330575794702867,0.4678046232268905,2.0,189,116.21706507675563,0.9499490652535467,4.314644635427734,7.998209284551708,0.22559660413476285,0.0006450000000768341
CGI_binary_30_size32_samprat60_seed47,CGI,Binary,30,60,32,47,614,1024,0.3007685260586319,0.21030681979114996,0.45859221514451154,1.5247347225872587,0.8815514366058435,2.0,529,71.20540938981775,0.45304502282123377,3.476017372693944,8.936840221041756,0.23689745221756925,0.00046550000115530565
DGI_binary_30_size32_samprat60_seed47,DGI,Binary,30,60,32,47,614,1024,0.3007685260586319,0.21030681979114996,0.45859221514451154,1.5247347225872587,0.8815514366058435,2.0,529,71.20540938981775,0.45304502282123377,3.5664407790018076,8.8253094350859,0.28186126367550385,0.0007146999996621162
Ridge_binary_30_size32_samprat60_seed47,Ridge,Binary,30,60,32,47,614,1024,0.3007685260586319,0.21030681979114996,0.45859221514451154,1.5247347225872587,0.8815514366058435,2.0,529,71.20540938981775,0.45304502282123377,2.3481860770806535,10.640334517404128,0.40431752363883644,0.0007804999986547045
CGI_binary_60_size32_samprat60_seed47,CGI,Binary,60,60,32,47,614,1024,0.6003425921213354,0.2399313642063714,0.4898278924340379,0.8159139445735389,0.9700719511823578,2.0,492,132.89222522930436,0.7070797250819895,3.978446492755619,8.350524389470639,0.22981653805766863,0.0007594999988214113
DGI_binary_60_size32_samprat60_seed47,DGI,Binary,60,60,32,47,614,1024,0.6003425921213354,0.2399313642063714,0.4898278924340379,0.8159139445735389,0.9700719511823578,2.0,492,132.89222522930436,0.7070797250819895,3.310629768349655,9.148553446339925,0.28355455346224695,0.002416200004518032
Ridge_binary_60_size32_samprat60_seed47,Ridge,Binary,60,60,32,47,614,1024,0.6003425921213354,0.2399313642063714,0.4898278924340379,0.8159139445735389,0.9700719511823578,2.0,492,132.89222522930436,0.7070797250819895,1.9899442898009134,11.359250423020022,0.42253367772023837,0.0006501000025309622
CGI_binary_90_size32_samprat60_seed47,CGI,Binary,90,60,32,47,614,1024,0.8999675539495114,0.09002595578764468,0.30004325652752917,0.33339341536309247,0.4683840356246482,2.0,380,331.8671282732097,0.9425315966695346,3.9931838116432026,8.334466586190345,0.204514695386453,0.000502099996083416
DGI_binary_90_size32_samprat60_seed47,DGI,Binary,90,60,32,47,614,1024,0.8999675539495114,0.09002595578764468,0.30004325652752917,0.33339341536309247,0.4683840356246482,2.0,380,331.8671282732097,0.9425315966695346,3.4845470486860415,8.926196276540132,0.27919947905404163,0.0006417000040528364
Ridge_binary_90_size32_samprat60_seed47,Ridge,Binary,90,60,32,47,614,1024,0.8999675539495114,0.09002595578764468,0.30004325652752917,0.33339341536309247,0.4683840356246482,2.0,380,331.8671282732097,0.9425315966695346,2.3382698632057037,10.658713281439054,0.4057093186012998,0.0012237000046297908
CGI_binary_30_size32_samprat90_seed47,CGI,Binary,30,90,32,47,921,1024,0.30057448595276876,0.21022946434699744,0.458507867268379,1.5254384144198518,0.8813076427436667,2.0,735,367.7896511861053,0.41712652465117706,3.3208916351259083,9.135112561809613,0.27602435645715695,0.0004578000007313676
DGI_binary_30_size32_samprat90_seed47,DGI,Binary,30,90,32,47,921,1024,0.30057448595276876,0.21022946434699744,0.458507867268379,1.5254384144198518,0.8813076427436667,2.0,735,367.7896511861053,0.41712652465117706,2.4062954583613125,10.53417009061249,0.34337958394301105,0.0005439000015030615
Ridge_binary_30_size32_samprat90_seed47,Ridge,Binary,30,90,32,47,921,1024,0.30057448595276876,0.21022946434699744,0.458507867268379,1.5254384144198518,0.8813076427436667,2.0,735,367.7896511861053,0.41712652465117706,0.8887516491088849,14.85985540848226,0.6260931891822418,0.0014844999968772754
CGI_binary_60_size32_samprat90_seed47,CGI,Binary,60,90,32,47,921,1024,0.5996740550352877,0.24006508275282243,0.4899643688604534,0.8170511376064195,0.970461243170284,2.0,688,733.7322821170691,0.681129906037766,3.393592835471355,9.041062261408788,0.27970655005000145,0.0005831000016769394
DGI_binary_60_size32_samprat90_seed47,DGI,Binary,60,90,32,47,921,1024,0.5996740550352877,0.24006508275282243,0.4899643688604534,0.8170511376064195,0.970461243170284,2.0,688,733.7322821170691,0.681129906037766,3.276359684235971,9.193743871560589,0.3242078632183348,0.000669400003971532
Ridge_binary_60_size32_samprat90_seed47,Ridge,Binary,60,90,32,47,921,1024,0.5996740550352877,0.24006508275282243,0.4899643688604534,0.8170511376064195,0.970461243170284,2.0,688,733.7322821170691,0.681129906037766,0.522853983430026,17.16385539339335,0.7150017718829869,0.0006092000039643608
CGI_binary_90_size32_samprat90_seed47,CGI,Binary,90,90,32,47,921,1024,0.8997067131514658,0.09023454346165184,0.30039065142186405,0.33387619213080094,0.46920646184839115,2.0,542,1742.34160172729,0.9315428984921547,4.598249505481261,7.721734276222277,0.23127595043668278,0.0006304000053205527
DGI_binary_90_size32_samprat90_seed47,DGI,Binary,90,90,32,47,921,1024,0.8997067131514658,0.09023454346165184,0.30039065142186405,0.33387619213080094,0.46920646184839115,2.0,542,1742.34160172729,0.9315428984921547,4.03473316483864,8.289511422864352,0.3013468322213748,0.0007496999969589524
Ridge_binary_90_size32_samprat90_seed47,Ridge,Binary,90,90,32,47,921,1024,0.8997067131514658,0.09023454346165184,0.30039065142186405,0.33387619213080094,0.46920646184839115,2.0,542,1742.34160172729,0.9315428984921547,0.8849910749832808,14.878270695168647,0.6355403067508838,0.0011143000010633841
CGI_gaussian_low_size32_samprat30_seed47,CGI,Gaussian,low,30,32,47,307,1024,0.4999967651839671,0.027726979340822494,0.16651420161902855,0.33303055782256685,9.99772227462236,2.0,186,120.4887460054695,0.9363505310065199,4.246107516135698,8.06774973649432,0.03271463989624145,0.00048400000378023833
DGI_gaussian_low_size32_samprat30_seed47,DGI,Gaussian,low,30,32,47,307,1024,0.4999967651839671,0.027726979340822494,0.16651420161902855,0.33303055782256685,9.99772227462236,2.0,186,120.4887460054695,0.9363505310065199,5.441559605302583,6.990425697619496,0.19605341065713186,0.0007126999989850447
Ridge_gaussian_low_size32_samprat30_seed47,Ridge,Gaussian,low,30,32,47,307,1024,0.4999967651839671,0.027726979340822494,0.16651420161902855,0.33303055782256685,9.99772227462236,2.0,186,120.4887460054695,0.9363505310065199,3.7790594449073285,8.573822369772833,0.24487446691407624,0.0004701999932876788
CGI_gaussian_medium_size32_samprat30_seed47,CGI,Gaussian,medium,30,32,47,307,1024,0.5000142116248673,0.05758275006505038,0.23996405994450581,0.47991447915895946,9.778889138556341,2.0,218,83.3724547563161,0.880695618710728,4.0356073311194915,8.288570581288425,0.0342909254105452,0.0008859000008669682
DGI_gaussian_medium_size32_samprat30_seed47,DGI,Gaussian,medium,30,32,47,307,1024,0.5000142116248673,0.05758275006505038,0.23996405994450581,0.47991447915895946,9.778889138556341,2.0,218,83.3724547563161,0.880695618710728,5.005572260181666,7.3531222522661,0.1982636672649823,0.0009022999947774224
Ridge_gaussian_medium_size32_samprat30_seed47,Ridge,Gaussian,medium,30,32,47,307,1024,0.5000142116248673,0.05758275006505038,0.23996405994450581,0.47991447915895946,9.778889138556341,2.0,218,83.3724547563161,0.880695618710728,3.6426575452870313,8.733476163088799,0.24285376254784488,0.00047730000369483605
CGI_gaussian_high_size32_samprat30_seed47,CGI,Gaussian,high,30,32,47,307,1024,0.5001289903469227,0.12913420241176268,0.3593524765627234,0.718519588941913,7.635529437483777,2.0,246,54.69780517024202,0.7789832145272901,4.458636905801648,7.855638539134368,0.04409469085806303,0.0024542000028304756
DGI_gaussian_high_size32_samprat30_seed47,DGI,Gaussian,high,30,32,47,307,1024,0.5001289903469227,0.12913420241176268,0.3593524765627234,0.718519588941913,7.635529437483777,2.0,246,54.69780517024202,0.7789832145272901,4.275508591643422,8.037781769482017,0.20959332697895763,0.002649800000654068
Ridge_gaussian_high_size32_samprat30_seed47,Ridge,Gaussian,high,30,32,47,307,1024,0.5001289903469227,0.12913420241176268,0.3593524765627234,0.718519588941913,7.635529437483777,2.0,246,54.69780517024202,0.7789832145272901,3.0972350641712065,9.437917931155015,0.2588164492080494,0.0011280999970040284
CGI_gaussian_low_size32_samprat60_seed47,CGI,Gaussian,low,60,32,47,614,1024,0.4999981734684479,0.027722353185019154,0.16650030986463404,0.3330018362053236,9.997480831920797,2.0,375,333.6001955177749,0.9270206028815662,4.795219216980906,7.539574943821017,0.03761396196897622,0.00169159999495605
DGI_gaussian_low_size32_samprat60_seed47,DGI,Gaussian,low,60,32,47,614,1024,0.4999981734684479,0.027722353185019154,0.16650030986463404,0.3330018362053236,9.997480831920797,2.0,375,333.6001955177749,0.9270206028815662,2.6453964834254555,10.122751885403138,0.305714166058468,0.0004792000036104582
Ridge_gaussian_low_size32_samprat60_seed47,Ridge,Gaussian,low,60,32,47,614,1024,0.4999981734684479,0.027722353185019154,0.16650030986463404,0.3330018362053236,9.997480831920797,2.0,375,333.6001955177749,0.9270206028815662,2.452062527526435,10.452344199501436,0.39803963868643377,0.0012219999989611097
CGI_gaussian_medium_size32_samprat60_seed47,CGI,Gaussian,medium,60,32,47,614,1024,0.5000112853207743,0.057540123523491984,0.2398752249055579,0.4797396217791165,9.777264316282832,2.0,431,234.20556101437467,0.8632995261386456,4.9536140379055515,7.398437950316944,0.03736700369325281,0.002449300001899246
DGI_gaussian_medium_size32_samprat60_seed47,DGI,Gaussian,medium,60,32,47,614,1024,0.5000112853207743,0.057540123523491984,0.2398752249055579,0.4797396217791165,9.777264316282832,2.0,431,234.20556101437467,0.8632995261386456,2.6637555656099043,10.092715903035483,0.30590856531026295,0.0006028999996487983
Ridge_gaussian_medium_size32_samprat60_seed47,Ridge,Gaussian,medium,60,32,47,614,1024,0.5000112853207743,0.057540123523491984,0.2398752249055579,0.4797396217791165,9.777264316282832,2.0,431,234.20556101437467,0.8632995261386456,2.1160411510473303,11.092418511838193,0.4175667184322909,0.001030900006298907
CGI_gaussian_high_size32_samprat60_seed47,CGI,Gaussian,high,60,32,47,614,1024,0.5000061384237814,0.12890601782275288,0.35903484207351366,0.7180608686217663,7.6421332553990435,2.0,477,156.4747618066776,0.7525333326758112,5.074968503672905,7.293326091646904,0.047080842243155355,0.001528500004496891
DGI_gaussian_high_size32_samprat60_seed47,DGI,Gaussian,high,60,32,47,614,1024,0.5000061384237814,0.12890601782275288,0.35903484207351366,0.7180608686217663,7.6421332553990435,2.0,477,156.4747618066776,0.7525333326758112,2.57233285734467,10.244387952672247,0.3146456202572172,0.002804900002956856
Ridge_gaussian_high_size32_samprat60_seed47,Ridge,Gaussian,high,60,32,47,614,1024,0.5000061384237814,0.12890601782275288,0.35903484207351366,0.7180608686217663,7.6421332553990435,2.0,477,156.4747618066776,0.7525333326758112,1.9994842428273105,11.338479744611051,0.4190195892635087,0.0006110999966040254
CGI_gaussian_low_size32_samprat90_seed47,CGI,Gaussian,low,90,32,47,921,1024,0.5000004917058691,0.027721522048031046,0.1664978139437003,0.33299530041524744,9.997549761759092,2.0,533,1706.3716573510417,0.9254180478908637,4.758742244108673,7.572737784336182,0.03343359097335778,0.0005332000000635162
DGI_gaussian_low_size32_samprat90_seed47,DGI,Gaussian,low,90,32,47,921,1024,0.5000004917058691,0.027721522048031046,0.1664978139437003,0.33299530041524744,9.997549761759092,2.0,533,1706.3716573510417,0.9254180478908637,2.419159062446775,10.511015357804766,0.35455067258190825,0.002032700002018828
Ridge_gaussian_low_size32_samprat90_seed47,Ridge,Gaussian,low,90,32,47,921,1024,0.5000004917058691,0.027721522048031046,0.1664978139437003,0.33299530041524744,9.997549761759092,2.0,533,1706.3716573510417,0.9254180478908637,1.2903322904500287,13.240643948446989,0.5763956744722681,0.0007268000044859946
CGI_gaussian_medium_size32_samprat90_seed47,CGI,Gaussian,medium,90,32,47,921,1024,0.5000202255438302,0.057567763371563954,0.23993283095809118,0.4798462516124352,9.776919467710107,2.0,607,1274.051877639117,0.8578394660626302,4.646668030505373,7.676243139232957,0.0352649512490768,0.0006005999966873787
DGI_gaussian_medium_size32_samprat90_seed47,DGI,Gaussian,medium,90,32,47,921,1024,0.5000202255438302,0.057567763371563954,0.23993283095809118,0.4798462516124352,9.776919467710107,2.0,607,1274.051877639117,0.8578394660626302,2.345997198032393,10.644384713595452,0.3583011167491006,0.00039540000580018386
Ridge_gaussian_medium_size32_samprat90_seed47,Ridge,Gaussian,medium,90,32,47,921,1024,0.5000202255438302,0.057567763371563954,0.23993283095809118,0.4798462516124352,9.776919467710107,2.0,607,1274.051877639117,0.8578394660626302,1.0850715690259054,13.993075761601393,0.6065628274286224,0.0006522000039694831
CGI_gaussian_high_size32_samprat90_seed47,CGI,Gaussian,high,90,32,47,921,1024,0.5000381299689038,0.1289218950162122,0.35905695232958823,0.7180591455119614,7.636125357886845,2.0,667,798.3420885826988,0.7431190823346875,4.573799569969687,7.74488831113814,0.04666798746423997,0.0008009000011952594
DGI_gaussian_high_size32_samprat90_seed47,DGI,Gaussian,high,90,32,47,921,1024,0.5000381299689038,0.1289218950162122,0.35905695232958823,0.7180591455119614,7.636125357886845,2.0,667,798.3420885826988,0.7431190823346875,2.9422152336523415,9.660915206741674,0.33685010931286286,0.00041509999573463574
Ridge_gaussian_high_size32_samprat90_seed47,Ridge,Gaussian,high,90,32,47,921,1024,0.5000381299689038,0.1289218950162122,0.35905695232958823,0.7180591455119614,7.636125357886845,2.0,667,798.3420885826988,0.7431190823346875,1.0442535887308209,14.159599839784722,0.6192998224772751,0.0009208999981638044
CGI_correlated noise_small_size32_samprat30_seed47,CGI,Correlated noise,small,30,32,47,307,1024,0.501133290655827,0.0837032273454158,0.2893151004448537,0.5773216544158406,10.000000000000002,2.0,235,65.08993123156326,0.8238470964384965,4.467950480322645,7.8465760938481335,0.17527727930849066,0.0013982999953441322
DGI_correlated noise_small_size32_samprat30_seed47,DGI,Correlated noise,small,30,32,47,307,1024,0.501133290655827,0.0837032273454158,0.2893151004448537,0.5773216544158406,10.000000000000002,2.0,235,65.08993123156326,0.8238470964384965,4.377049708471762,7.935844816782808,0.20677080060701647,0.0031103000001166947
Ridge_correlated noise_small_size32_samprat30_seed47,Ridge,Correlated noise,small,30,32,47,307,1024,0.501133290655827,0.0837032273454158,0.2893151004448537,0.5773216544158406,10.000000000000002,2.0,235,65.08993123156326,0.8238470964384965,3.238013092220771,9.244873600362196,0.25766162469647624,0.0014034999985597096
CGI_correlated noise_moderate_size32_samprat30_seed47,CGI,Correlated noise,moderate,30,32,47,307,1024,0.4983616737806915,0.028678907813951465,0.16934848040047915,0.33981040138062996,10.000000000000002,4.0,140,519.7758113809138,0.984941934397935,5.806775876367896,6.70830896505152,0.15113752227913368,0.0025650999959907494
DGI_correlated noise_moderate_size32_samprat30_seed47,DGI,Correlated noise,moderate,30,32,47,307,1024,0.4983616737806915,0.028678907813951465,0.16934848040047915,0.33981040138062996,10.000000000000002,4.0,140,519.7758113809138,0.984941934397935,3.843137264514126,8.500800640902003,0.28893471310370916,0.0009760000029928051
Ridge_correlated noise_moderate_size32_samprat30_seed47,Ridge,Correlated noise,moderate,30,32,47,307,1024,0.4983616737806915,0.028678907813951465,0.16934848040047915,0.33981040138062996,10.000000000000002,4.0,140,519.7758113809138,0.984941934397935,1.6193978583055058,12.25412399859826,0.5236546193788041,0.0007863999999244697
CGI_correlated noise_large_size32_samprat30_seed47,CGI,Correlated noise,large,30,32,47,307,1024,0.49324181056556565,0.03351334325084771,0.18306649953185786,0.37114959764172717,10.000000000000002,6.778501628664495,58,102354.34817835547,0.9975548558060575,8.964637800303478,4.822332130517926,0.15116365514496186,0.0014407000053324737
DGI_correlated noise_large_size32_samprat30_seed47,DGI,Correlated noise,large,30,32,47,307,1024,0.49324181056556565,0.03351334325084771,0.18306649953185786,0.37114959764172717,10.000000000000002,6.778501628664495,58,102354.34817835547,0.9975548558060575,5.330359403591647,7.080094677809315,0.22081195285937288,0.002227000004495494
Ridge_correlated noise_large_size32_samprat30_seed47,Ridge,Correlated noise,large,30,32,47,307,1024,0.49324181056556565,0.03351334325084771,0.18306649953185786,0.37114959764172717,10.000000000000002,6.778501628664495,58,102354.34817835547,0.9975548558060575,2.635190010993585,10.139540248519193,0.40268947399899074,0.0016365999981644563
CGI_correlated noise_small_size32_samprat60_seed47,CGI,Correlated noise,small,60,32,47,614,1024,0.500474120708181,0.08371176005389253,0.2893298464622904,0.5781115036523861,10.000000000000002,2.0,459,183.37877209435058,0.807585977704317,3.0940055493090712,9.442448721342705,0.23334993126864273,0.0014822000011918135
DGI_correlated noise_small_size32_samprat60_seed47,DGI,Correlated noise,small,60,32,47,614,1024,0.500474120708181,0.08371176005389253,0.2893298464622904,0.5781115036523861,10.000000000000002,2.0,459,183.37877209435058,0.807585977704317,2.9358770485604233,9.670280966057284,0.29446610293418596,0.001580799995281268
Ridge_correlated noise_small_size32_samprat60_seed47,Ridge,Correlated noise,small,60,32,47,614,1024,0.500474120708181,0.08371176005389253,0.2893298464622904,0.5781115036523861,10.000000000000002,2.0,459,183.37877209435058,0.807585977704317,2.96185525064687,9.632021302137906,0.37283701244107764,0.0005035999929532409
CGI_correlated noise_moderate_size32_samprat60_seed47,CGI,Correlated noise,moderate,60,32,47,614,1024,0.49808344757154,0.02867952608363089,0.16935030582680058,0.34000388218509653,10.000000000000002,4.0,212,4462.877233532391,0.9843367531123772,6.651009793698226,6.118783730960832,0.16018396513685576,0.0006248000063351355
DGI_correlated noise_moderate_size32_samprat60_seed47,DGI,Correlated noise,moderate,60,32,47,614,1024,0.49808344757154,0.02867952608363089,0.16935030582680058,0.34000388218509653,10.000000000000002,4.0,212,4462.877233532391,0.9843367531123772,4.065661997708247,8.256346900758547,0.3134681382088851,0.000538200001756195
Ridge_correlated noise_moderate_size32_samprat60_seed47,Ridge,Correlated noise,moderate,60,32,47,614,1024,0.49808344757154,0.02867952608363089,0.16935030582680058,0.34000388218509653,10.000000000000002,4.0,212,4462.877233532391,0.9843367531123772,0.8881394078555223,14.862848197572045,0.6477833323767797,0.0007697000037296675
CGI_correlated noise_large_size32_samprat60_seed47,CGI,Correlated noise,large,60,32,47,614,1024,0.49478080816592956,0.033391717551611126,0.1827340076494004,0.36932315205675775,10.000000000000002,6.747557003257329,63,26493869.10996284,0.9975064109204772,9.767484979405602,4.4498320840261965,0.13236048349783833,0.0007212999989860691
DGI_correlated noise_large_size32_samprat60_seed47,DGI,Correlated noise,large,60,32,47,614,1024,0.49478080816592956,0.033391717551611126,0.1827340076494004,0.36932315205675775,10.000000000000002,6.747557003257329,63,26493869.10996284,0.9975064109204772,5.183466874036366,7.201456329988397,0.22506165383477195,0.000628499998128973
Ridge_correlated noise_large_size32_samprat60_seed47,Ridge,Correlated noise,large,60,32,47,614,1024,0.49478080816592956,0.033391717551611126,0.1827340076494004,0.36932315205675775,10.000000000000002,6.747557003257329,63,26493869.10996284,0.9975064109204772,2.1807127287932024,10.961675018792207,0.4474299228513975,0.0005707000018446706
CGI_correlated noise_small_size32_samprat90_seed47,CGI,Correlated noise,small,90,32,47,921,1024,0.5001270104714554,0.08376912156912246,0.28942895772386434,0.5787109107553485,10.000000000000002,2.0,645,947.8074606437796,0.7947618360027586,3.0466649518375513,9.509412638653359,0.2799863815909019,0.0004703999948105775
DGI_correlated noise_small_size32_samprat90_seed47,DGI,Correlated noise,small,90,32,47,921,1024,0.5001270104714554,0.08376912156912246,0.28942895772386434,0.5787109107553485,10.000000000000002,2.0,645,947.8074606437796,0.7947618360027586,3.0701350595993087,9.476084793067956,0.3230269960645636,0.0006327000010060146
Ridge_correlated noise_small_size32_samprat90_seed47,Ridge,Correlated noise,small,90,32,47,921,1024,0.5001270104714554,0.08376912156912246,0.28942895772386434,0.5787109107553485,10.000000000000002,2.0,645,947.8074606437796,0.7947618360027586,0.8904487920168991,14.851570113509734,0.6264302411305994,0.0007193000055849552
CGI_correlated noise_moderate_size32_samprat90_seed47,CGI,Correlated noise,moderate,90,32,47,921,1024,0.49837592384798,0.02857026789233897,0.16902741757578552,0.3391564670106434,10.000000000000002,4.0,243,93853.32177000579,0.9834471042098102,7.387405869525754,5.662740002994252,0.16520336003493075,0.0012241000003996305
DGI_correlated noise_moderate_size32_samprat90_seed47,DGI,Correlated noise,moderate,90,32,47,921,1024,0.49837592384798,0.02857026789233897,0.16902741757578552,0.3391564670106434,10.000000000000002,4.0,243,93853.32177000579,0.9834471042098102,2.8874743631700683,9.742478234596817,0.36602774224591833,0.0009882000013021752
Ridge_correlated noise_moderate_size32_samprat90_seed47,Ridge,Correlated noise,moderate,90,32,47,921,1024,0.49837592384798,0.02857026789233897,0.16902741757578552,0.3391564670106434,10.000000000000002,4.0,243,93853.32177000579,0.9834471042098102,0.7355445443812743,15.681569818170992,0.6811363201536462,0.0007236000019474886
CGI_correlated noise_large_size32_samprat90_seed47,CGI,Correlated noise,large,90,32,47,921,1024,0.4965350851424066,0.03321095186396935,0.18223872218595408,0.3670208362684399,10.000000000000002,6.729641693811075,64,153007387765.03763,0.9974202526326839,10.301641523139258,4.218595272211401,0.13454265607673482,0.0005915000001550652
DGI_correlated noise_large_size32_samprat90_seed47,DGI,Correlated noise,large,90,32,47,921,1024,0.4965350851424066,0.03321095186396935,0.18223872218595408,0.3670208362684399,10.000000000000002,6.729641693811075,64,153007387765.03763,0.9974202526326839,4.333204326021402,7.9795679238572195,0.25180329779132293,0.0004760000010719523
Ridge_correlated noise_large_size32_samprat90_seed47,Ridge,Correlated noise,large,90,32,47,921,1024,0.4965350851424066,0.03321095186396935,0.18223872218595408,0.3670208362684399,10.000000000000002,6.729641693811075,64,153007387765.03763,0.9974202526326839,1.9957470328521507,11.34660468172395,0.4650982732105801,0.0007695000022067688
CGI_hadamard_random_size32_samprat30_seed47,CGI,Hadamard,random,30,32,47,307,1024,0.5,0.25,0.5,0.999999999998,1.0,3.537459283387622,276,17.54992877478425,0.7571590997141756,2.1369094056427764,11.04979849812042,0.3052657552446857,0.0005941999988863245
DGI_hadamard_random_size32_samprat30_seed47,DGI,Hadamard,random,30,32,47,307,1024,0.5,0.25,0.5,0.999999999998,1.0,3.537459283387622,276,17.54992877478425,0.7571590997141756,2.136909405642648,11.049798498120682,0.30526575524468796,0.00044010000419802964
Ridge_hadamard_random_size32_samprat30_seed47,Ridge,Hadamard,random,30,32,47,307,1024,0.5,0.25,0.5,0.999999999998,1.0,3.537459283387622,276,17.54992877478425,0.7571590997141756,2.1173287823956706,11.089776591971294,0.3033588777365722,0.0006071999960113317
CGI_hadamard_low_size32_samprat30_seed47,CGI,Hadamard,low,30,32,47,307,1024,0.501628664495114,0.24999734745196212,0.4999973474449261,0.9967479588654955,0.996742671009772,5.687296416938111,276,155.49356886585554,0.9999999999998844,0.7847286774579967,15.40046436493774,0.5607994860950448,0.0027421999984653667
DGI_hadamard_low_size32_samprat30_seed47,DGI,Hadamard,low,30,32,47,307,1024,0.501628664495114,0.24999734745196212,0.4999973474449261,0.9967479588654955,0.996742671009772,5.687296416938111,276,155.49356886585554,0.9999999999998844,0.7928212548438154,15.3559067574679,0.5603325046597143,0.0006308999945758842
Ridge_hadamard_low_size32_samprat30_seed47,Ridge,Hadamard,low,30,32,47,307,1024,0.501628664495114,0.24999734745196212,0.4999973474449261,0.9967479588654955,0.996742671009772,5.687296416938111,276,155.49356886585554,0.9999999999998844,0.7870269271741946,15.38776368961402,0.5607331608110562,0.000720199997886084
CGI_hadamard_high_size32_samprat30_seed47,CGI,Hadamard,high,30,32,47,307,1024,0.5,0.25,0.5,0.999999999998,1.0,2.8794788273615635,276,17.549928774784263,0.9131682328564502,4.816086976916013,7.520716389016446,0.15890647037926317,0.0006095999997342005
DGI_hadamard_high_size32_samprat30_seed47,DGI,Hadamard,high,30,32,47,307,1024,0.5,0.25,0.5,0.999999999998,1.0,2.8794788273615635,276,17.549928774784263,0.9131682328564502,4.816086976915897,7.520716389016552,0.15890647037925926,0.0005995000028633513
Ridge_hadamard_high_size32_samprat30_seed47,Ridge,Hadamard,high,30,32,47,307,1024,0.5,0.25,0.5,0.999999999998,1.0,2.8794788273615635,276,17.549928774784263,0.9131682328564502,4.761292927404555,7.570410591868857,0.163701874771788,0.0008347999973921105
CGI_hadamard_random_size32_samprat60_seed47,CGI,Hadamard,random,60,32,47,614,1024,0.5,0.25,0.5,0.999999999998,1.0,3.817589576547231,562,24.799193535274533,0.7353343541394946,1.9509132779584657,11.445279958795966,0.43950982836787117,0.0005362000010791235
DGI_hadamard_random_size32_samprat60_seed47,DGI,Hadamard,random,60,32,47,614,1024,0.5,0.25,0.5,0.999999999998,1.0,3.817589576547231,562,24.799193535274533,0.7353343541394946,1.9509132779582463,11.445279958796455,0.43950982836788366,0.0005238000012468547
Ridge_hadamard_random_size32_samprat60_seed47,Ridge,Hadamard,random,60,32,47,614,1024,0.5,0.25,0.5,0.999999999998,1.0,3.817589576547231,562,24.799193535274533,0.7353343541394946,1.906754750514743,11.544711233656809,0.4417151017451089,0.0016394999984186143
CGI_hadamard_low_size32_samprat60_seed47,CGI,Hadamard,low,60,32,47,614,1024,0.500814332247557,0.24999933686299078,0.49999933686255105,0.9983726596194906,0.998371335504886,4.3322475570032575,562,308.99676372015165,0.913168232856483,0.4422156428356547,17.891318592862383,0.7361103889945124,0.002343000000109896
DGI_hadamard_low_size32_samprat60_seed47,DGI,Hadamard,low,60,32,47,614,1024,0.500814332247557,0.24999933686299078,0.49999933686255105,0.9983726596194906,0.998371335504886,4.3322475570032575,562,308.99676372015165,0.913168232856483,0.4441648225656287,17.872218005732424,0.7361984140738932,0.001739100000122562
Ridge_hadamard_low_size32_samprat60_seed47,Ridge,Hadamard,low,60,32,47,614,1024,0.500814332247557,0.24999933686299078,0.49999933686255105,0.9983726596194906,0.998371335504886,4.3322475570032575,562,308.99676372015165,0.913168232856483,0.4435452074127303,17.878280694592984,0.7361648057587017,0.0008358999984920956
CGI_hadamard_high_size32_samprat60_seed47,CGI,Hadamard,high,60,32,47,614,1024,0.5,0.25,0.5,0.999999999998,1.0,2.9283387622149837,562,24.799193535274537,0.7635848932834559,3.8912851488013223,8.4467290387603,0.2905071860823645,0.000796799999079667
DGI_hadamard_high_size32_samprat60_seed47,DGI,Hadamard,high,60,32,47,614,1024,0.5,0.25,0.5,0.999999999998,1.0,2.9283387622149837,562,24.799193535274537,0.7635848932834559,3.8912851488011975,8.44672903876044,0.29050718608237014,0.0006125999934738502
Ridge_hadamard_high_size32_samprat60_seed47,Ridge,Hadamard,high,60,32,47,614,1024,0.5,0.25,0.5,0.999999999998,1.0,2.9283387622149837,562,24.799193535274537,0.7635848932834559,3.894430508389388,8.443220016732885,0.2906507071223886,0.0010152999966521747
CGI_hadamard_random_size32_samprat90_seed47,CGI,Hadamard,random,90,32,47,921,1024,0.500542888165038,0.24999970527244025,0.4999997052723534,0.9989148124835521,0.998914223669924,3.780673181324647,851,462.49783782771783,0.7189085707627207,1.1745204138647203,13.649053909588396,0.556173689742869,0.0007877000025473535
DGI_hadamard_random_size32_samprat90_seed47,DGI,Hadamard,random,90,32,47,921,1024,0.500542888165038,0.24999970527244025,0.4999997052723534,0.9989148124835521,0.998914223669924,3.780673181324647,851,462.49783782771783,0.7189085707627207,1.1905618616705054,13.590139941387152,0.5549721546107488,0.0016006000005290844
Ridge_hadamard_random_size32_samprat90_seed47,Ridge,Hadamard,random,90,32,47,921,1024,0.500542888165038,0.24999970527244025,0.4999997052723534,0.9989148124835521,0.998914223669924,3.780673181324647,851,462.49783782771783,0.7189085707627207,1.1956636242398073,13.571569435616361,0.5545930372412377,0.0006509000013465993
CGI_hadamard_low_size32_samprat90_seed47,CGI,Hadamard,low,90,32,47,921,1024,0.500542888165038,0.24999970527244023,0.4999997052723534,0.9989148124835521,0.998914223669924,3.8805646036916395,851,462.49783782772795,0.7455987399391377,0.25249791805447147,20.325081588958582,0.8282082660493422,0.0006200999996508472
DGI_hadamard_low_size32_samprat90_seed47,DGI,Hadamard,low,90,32,47,921,1024,0.500542888165038,0.24999970527244023,0.4999997052723534,0.9989148124835521,0.998914223669924,3.8805646036916395,851,462.49783782772795,0.7455987399391377,0.2513793216483881,20.344364104873947,0.8291144800695625,0.0026735999999800697
Ridge_hadamard_low_size32_samprat90_seed47,Ridge,Hadamard,low,90,32,47,921,1024,0.500542888165038,0.24999970527244023,0.4999997052723534,0.9989148124835521,0.998914223669924,3.8805646036916395,851,462.49783782772795,0.7455987399391377,0.25139564054683766,20.344082181226874,0.8290750722872446,0.0007958999995025806
CGI_hadamard_high_size32_samprat90_seed47,CGI,Hadamard,high,90,32,47,921,1024,0.5,0.25,0.5,0.999999999998,1.0,3.1454940282301846,852,30.364452901377994,0.7166395217442801,2.8370568533387064,9.818979214865298,0.5328433027243451,0.0016281999996863306
DGI_hadamard_high_size32_samprat90_seed47,DGI,Hadamard,high,90,32,47,921,1024,0.5,0.25,0.5,0.999999999998,1.0,3.1454940282301846,852,30.364452901377994,0.7166395217442801,2.8370568533394107,9.81897921486422,0.5328433027243062,0.0008377999984077178
Ridge_hadamard_high_size32_samprat90_seed47,Ridge,Hadamard,high,90,32,47,921,1024,0.5,0.25,0.5,0.999999999998,1.0,3.1454940282301846,852,30.364452901377994,0.7166395217442801,2.8489891585179765,9.800751638472175,0.5323480134461182,0.0006518999944091775
